﻿designator,quantity,value,pack,mpn,mount_type
A1,1,Arduino_Nano_v3.x,Arduino_Nano,,tht
"C1, C100, C11, C12, C17, C18, C19, C2, C20, C21, C22, C23, C25, C26, C27, C28, C29, C3, C30, C31, C32, C33, C34, C35, C36, C37, C38, C39, C4, C40, C41, C42, C43, C44, C45, C46, C47, C48, C49, C5, C50, C51, C52, C53, C6, C7, C8",47,0.1uF,C_Disc_D4.3mm_W1.9mm_P5.00mm,,tht
"C10, C13, C15, C16, C24, C9",6,0.01uF,C_Disc_D4.3mm_W1.9mm_P5.00mm,,tht
C14,1,1uF,CP_Radial_D5.0mm_P2.00mm,,tht
C54,1,10uF,CP_Radial_D5.0mm_P2.00mm,,tht
"D1, D13, D14, D15, D16, D17, D18, D19, D2, D20, D21, D22, D23, D24, D25, D26, D27, D28, D29, D3, D30, D31, D32, D33, D34, D35, D36, D37, D38, D4, D44, D5, D54, D55, D56, D57, D58, D59, D6, D60, D61, D67, D68, D69, D7, D8",46,RED,LED_D5.0mm,,tht
"D10, D11, D12, D45, D62, D63, D64, D65, D66, D9",10,GREEN,LED_D5.0mm,,tht
"D39, D46, D47, D48, D49, D600, D70, D71, D72, D73, D74, D75, D76, D77, D78, D79, D80, D81, D82, D83, D84, D85",22,BLUE,LED_D5.0mm,,tht
"D40, D41, D42, D43, D50, D51, D52, D53",8,YELLOW,LED_D5.0mm,,tht
G99,1,LOGO,LOGO,,tht
"H1, H2, H3, H3, H4",5,MountingHole_2.5mm,MountingHole_2.5mm,,tht
J1,1,USB_B,USB_B_OST_USB-B1HSxx_Horizontal,,tht
"R1, R2, R3, R4, R5, R53, R6, R7, R8",9,10K,R_Axial_DIN0207_L6.3mm_D2.5mm_P7.62mm_Horizontal,,tht
"R10, R100, R101, R102, R103, R104, R105, R106, R107, R108, R109, R11, R110, R111, R112, R113, R114, R115, R117, R12, R13, R14, R15, R16, R17, R18, R19, R20, R21, R22, R23, R24, R25, R26, R27, R28, R33, R34, R35, R36, R37, R38, R39, R40, R41, R42, R43, R44, R45, R46, R47, R48, R49, R50, R600, R67, R68, R69, R70, R71, R74, R75, R76, R77, R78, R79, R80, R81, R82, R83, R84, R85, R86, R87, R88, R89, R9, R92, R93, R94, R95, R96, R97, R98, R99",85,220,R_Axial_DIN0207_L6.3mm_D2.5mm_P7.62mm_Horizontal,,tht
"R116, R29, R30, R31, R32, R52, R54, R55, R56, R57, R58, R60, R61, R62, R63, R64, R65, R66, R72, R73, R90, R91",22,1K,R_Axial_DIN0207_L6.3mm_D2.5mm_P7.62mm_Horizontal,,tht
"R300, R301, R302, R303, R304, R305, R306, R307, R308, R310, R312, R313, R314, R315",14,3.3k,R_Axial_DIN0207_L6.3mm_D2.5mm_P7.62mm_Horizontal,,tht
"R309, R311",2,1k,R_Axial_DIN0207_L6.3mm_D2.5mm_P7.62mm_Horizontal,,tht
R51,1,100K,R_Axial_DIN0207_L6.3mm_D2.5mm_P7.62mm_Horizontal,,tht
R59,1,1M,R_Axial_DIN0207_L6.3mm_D2.5mm_P7.62mm_Horizontal,,tht
"R601, R602, R603, R605, R609",5,10k,R_Axial_DIN0207_L6.3mm_D2.5mm_P7.62mm_Horizontal,,tht
R604,1,5.1k,R_Axial_DIN0207_L6.3mm_D2.5mm_P7.62mm_Horizontal,,tht
R606,1,22k,R_Axial_DIN0207_L6.3mm_D2.5mm_P7.62mm_Horizontal,,tht
R607,1,47k,R_Axial_DIN0207_L6.3mm_D2.5mm_P7.62mm_Horizontal,,tht
R608,1,100k,R_Axial_DIN0207_L6.3mm_D2.5mm_P7.62mm_Horizontal,,tht
RV1,1,1M,Potentiometer-5.5mm,,tht
"SW1, SW2, SW4",3,SW_SPDT,SW_Slide_1P2T_CK_OS102011MS2Q,,tht
"SW10, SW5",2,SW_DIP_x04,SW_DIP_SPSTx04_Slide_9.78x12.34mm_W7.62mm_P2.54mm,,tht
"SW11, SW12, SW3, SW6",4,SW_Push,SW_PUSH_6mm_H5mm,,tht
SW7,1,SW_DIP_x08,SW_DIP_SPSTx08_Slide_9.78x22.5mm_W7.62mm_P2.54mm,,tht
SW8,1,RESET,SW_PUSH_6mm_H5mm,,tht
"U1, U10, U15, U3, U35, U43",6,74LS245,DIP-20_W7.62mm_Socket_LongPads,,tht
"U100, U42, U47",3,74LS00,DIP-14_W7.62mm_Socket_LongPads,,tht
"U11, U14",2,74LS86,DIP-14_W7.62mm_Socket_LongPads,,tht
"U12, U13",2,74LS283,DIP-16_W7.62mm_Socket_LongPads,,tht
"U16, U17, U34, U36, U37, U4, U5, U7",8,74LS173,DIP-16_W7.62mm_Socket_LongPads,,tht
U18,1,NE555P,DIP-8_W7.62mm_Socket_LongPads,,tht
U19,1,74LS107,DIP-14_W7.62mm_Socket_LongPads,,tht
"U2, U48",2,74LS161,DIP-16_W7.62mm_Socket_LongPads,,tht
U20,1,74LS273,DIP-20_W7.62mm_Socket_LongPads,,tht
"U21, U50, U51",3,28C16,DIP-24_W15.24mm_Socket_LongPads,,tht
U22,1,74LS139,DIP-16_W7.62mm_Socket_LongPads,,tht
"U23, U24, U25, U26",4,SM420561N,7SegmentLED_LTS6760_LTS6780,,tht
"U27, U28, U29",3,NE555P,DIP-8_W7.62mm,,tht
U30,1,74LS32,DIP-14_W7.62mm_Socket_LongPads,,tht
"U31, U6, U8",3,74LS08,DIP-14_W7.62mm_Socket_LongPads,,tht
"U32, U38, U39, U52, U53",5,74LS04,DIP-14_W7.62mm_Socket_LongPads,,tht
"U33, U40, U45, U46",4,74LS157,DIP-16_W7.62mm_Socket_LongPads,,tht
"U41, U44",2,74189,DIP-16_W7.62mm_Socket_LongPads,,tht
U49,1,74LS138,DIP-16_W7.62mm_Socket_LongPads,,tht
U9,1,74LS02,DIP-14_W7.62mm_Socket_LongPads,,tht
