﻿pos_x,pos_y,rotation,side,designator,mpn,pack,value,mount_type,place
150.876,-321.35,-90.0,top,A1,,Arduino_Nano,Arduino_Nano_v3.x,tht,True
392.43,-74.375,-90.0,top,C1,,C_Disc_D4.3mm_W1.9mm_P5.00mm,0.1uF,tht,True
317.5,-255.35,-90.0,top,C10,,C_Disc_D4.3mm_W1.9mm_P5.00mm,0.01uF,tht,True
117.856,-249.3906,90.0,top,C100,,C_Disc_D4.3mm_W1.9mm_P5.00mm,0.1uF,tht,True
345.44,-255.35,-90.0,top,C11,,C_Disc_D4.3mm_W1.9mm_P5.00mm,0.1uF,tht,True
375.285,-255.35,-90.0,top,C12,,C_Disc_D4.3mm_W1.9mm_P5.00mm,0.1uF,tht,True
139.7,-107.95,0.0,top,C13,,C_Disc_D4.3mm_W1.9mm_P5.00mm,0.01uF,tht,True
137.16,-131.445,90.0,top,C14,,CP_Radial_D5.0mm_P2.00mm,1uF,tht,True
163.83,-133.35,0.0,top,C15,,C_Disc_D4.3mm_W1.9mm_P5.00mm,0.01uF,tht,True
194.23,-109.855,180.0,top,C16,,C_Disc_D4.3mm_W1.9mm_P5.00mm,0.01uF,tht,True
168.91,-102.87,180.0,top,C17,,C_Disc_D4.3mm_W1.9mm_P5.00mm,0.1uF,tht,True
131.445,-115.57,-90.0,top,C18,,C_Disc_D4.3mm_W1.9mm_P5.00mm,0.1uF,tht,True
193.04,-130.175,180.0,top,C19,,C_Disc_D4.3mm_W1.9mm_P5.00mm,0.1uF,tht,True
354.33,-74.375,-90.0,top,C2,,C_Disc_D4.3mm_W1.9mm_P5.00mm,0.1uF,tht,True
196.85,-165.18,-90.0,top,C20,,C_Disc_D4.3mm_W1.9mm_P5.00mm,0.1uF,tht,True
229.235,-165.18,-90.0,top,C21,,C_Disc_D4.3mm_W1.9mm_P5.00mm,0.1uF,tht,True
405.765,-120.73,-90.0,top,C22,,C_Disc_D4.3mm_W1.9mm_P5.00mm,0.1uF,tht,True
408.94,-165.18,-90.0,top,C23,,C_Disc_D4.3mm_W1.9mm_P5.00mm,0.1uF,tht,True
283.21,-219.71,-90.0,top,C24,,C_Disc_D4.3mm_W1.9mm_P5.00mm,0.01uF,tht,True
128.905,-219.71,-90.0,top,C25,,C_Disc_D4.3mm_W1.9mm_P5.00mm,0.1uF,tht,True
125.095,-203.28,-90.0,top,C26,,C_Disc_D4.3mm_W1.9mm_P5.00mm,0.1uF,tht,True
149.225,-264.875,-90.0,top,C27,,C_Disc_D4.3mm_W1.9mm_P5.00mm,0.1uF,tht,True
214.63,-264.875,-90.0,top,C28,,C_Disc_D4.3mm_W1.9mm_P5.00mm,0.1uF,tht,True
376.555,-165.18,-90.0,top,C29,,C_Disc_D4.3mm_W1.9mm_P5.00mm,0.1uF,tht,True
337.185,-120.73,-90.0,top,C3,,C_Disc_D4.3mm_W1.9mm_P5.00mm,0.1uF,tht,True
390.525,-181.69,-90.0,top,C30,,C_Disc_D4.3mm_W1.9mm_P5.00mm,0.1uF,tht,True
343.535,-165.18,-90.0,top,C31,,C_Disc_D4.3mm_W1.9mm_P5.00mm,0.1uF,tht,True
325.12,-181.69,-90.0,top,C32,,C_Disc_D4.3mm_W1.9mm_P5.00mm,0.1uF,tht,True
360.68,-181.69,-90.0,top,C33,,C_Disc_D4.3mm_W1.9mm_P5.00mm,0.1uF,tht,True
370.205,-219.79,-90.0,top,C34,,C_Disc_D4.3mm_W1.9mm_P5.00mm,0.1uF,tht,True
345.44,-280.75,-90.0,top,C35,,C_Disc_D4.3mm_W1.9mm_P5.00mm,0.1uF,tht,True
307.975,-280.75,-90.0,top,C36,,C_Disc_D4.3mm_W1.9mm_P5.00mm,0.1uF,tht,True
408.305,-255.35,-90.0,top,C37,,C_Disc_D4.3mm_W1.9mm_P5.00mm,0.1uF,tht,True
177.8,-264.875,-90.0,top,C38,,C_Disc_D4.3mm_W1.9mm_P5.00mm,0.1uF,tht,True
247.015,-264.875,-90.0,top,C39,,C_Disc_D4.3mm_W1.9mm_P5.00mm,0.1uF,tht,True
374.015,-120.73,-90.0,top,C4,,C_Disc_D4.3mm_W1.9mm_P5.00mm,0.1uF,tht,True
455.93,-320.12,-90.0,top,C40,,C_Disc_D4.3mm_W1.9mm_P5.00mm,0.1uF,tht,True
156.845,-203.28,-90.0,top,C41,,C_Disc_D4.3mm_W1.9mm_P5.00mm,0.1uF,tht,True
188.595,-203.28,-90.0,top,C42,,C_Disc_D4.3mm_W1.9mm_P5.00mm,0.1uF,tht,True
217.805,-203.28,-90.0,top,C43,,C_Disc_D4.3mm_W1.9mm_P5.00mm,0.1uF,tht,True
187.325,-219.79,-90.0,top,C44,,C_Disc_D4.3mm_W1.9mm_P5.00mm,0.1uF,tht,True
217.805,-219.79,-90.0,top,C45,,C_Disc_D4.3mm_W1.9mm_P5.00mm,0.1uF,tht,True
247.015,-203.28,-90.0,top,C46,,C_Disc_D4.3mm_W1.9mm_P5.00mm,0.1uF,tht,True
249.555,-219.79,-90.0,top,C47,,C_Disc_D4.3mm_W1.9mm_P5.00mm,0.1uF,tht,True
172.3649,-306.502,-90.0,top,C48,,C_Disc_D4.3mm_W1.9mm_P5.00mm,0.1uF,tht,True
204.7499,-306.502,-90.0,top,C49,,C_Disc_D4.3mm_W1.9mm_P5.00mm,0.1uF,tht,True
437.515,-165.18,-90.0,top,C5,,C_Disc_D4.3mm_W1.9mm_P5.00mm,0.1uF,tht,True
237.7699,-306.502,-90.0,top,C50,,C_Disc_D4.3mm_W1.9mm_P5.00mm,0.1uF,tht,True
176.1749,-326.822,-90.0,top,C51,,C_Disc_D4.3mm_W1.9mm_P5.00mm,0.1uF,tht,True
218.7199,-326.822,-90.0,top,C52,,C_Disc_D4.3mm_W1.9mm_P5.00mm,0.1uF,tht,True
151.13,-126.365,0.0,top,C53,,C_Disc_D4.3mm_W1.9mm_P5.00mm,0.1uF,tht,True
455.93,-69.755,-90.0,top,C54,,CP_Radial_D5.0mm_P2.00mm,10uF,tht,True
306.705,-165.18,-90.0,top,C6,,C_Disc_D4.3mm_W1.9mm_P5.00mm,0.1uF,tht,True
331.47,-219.79,-90.0,top,C7,,C_Disc_D4.3mm_W1.9mm_P5.00mm,0.1uF,tht,True
403.225,-219.79,-90.0,top,C8,,C_Disc_D4.3mm_W1.9mm_P5.00mm,0.1uF,tht,True
323.215,-255.35,-90.0,top,C9,,C_Disc_D4.3mm_W1.9mm_P5.00mm,0.01uF,tht,True
139.7,-76.2,0.0,top,D1,,LED_D5.0mm,RED,tht,True
377.825,-64.135,0.0,top,D10,,LED_D5.0mm,GREEN,tht,True
390.525,-64.135,0.0,top,D11,,LED_D5.0mm,GREEN,tht,True
403.225,-64.135,0.0,top,D12,,LED_D5.0mm,GREEN,tht,True
337.82,-109.22,0.0,top,D13,,LED_D5.0mm,RED,tht,True
350.52,-109.22,0.0,top,D14,,LED_D5.0mm,RED,tht,True
363.22,-109.22,0.0,top,D15,,LED_D5.0mm,RED,tht,True
375.92,-109.22,0.0,top,D16,,LED_D5.0mm,RED,tht,True
388.62,-109.22,0.0,top,D17,,LED_D5.0mm,RED,tht,True
401.32,-109.22,0.0,top,D18,,LED_D5.0mm,RED,tht,True
414.02,-109.22,0.0,top,D19,,LED_D5.0mm,RED,tht,True
152.4,-76.2,0.0,top,D2,,LED_D5.0mm,RED,tht,True
426.72,-109.22,0.0,top,D20,,LED_D5.0mm,RED,tht,True
426.72,-184.15,0.0,top,D21,,LED_D5.0mm,RED,tht,True
439.42,-184.15,0.0,top,D22,,LED_D5.0mm,RED,tht,True
336.55,-153.67,0.0,top,D23,,LED_D5.0mm,RED,tht,True
349.25,-153.67,0.0,top,D24,,LED_D5.0mm,RED,tht,True
361.95,-153.67,0.0,top,D25,,LED_D5.0mm,RED,tht,True
374.65,-153.67,0.0,top,D26,,LED_D5.0mm,RED,tht,True
387.35,-153.67,0.0,top,D27,,LED_D5.0mm,RED,tht,True
400.05,-153.67,0.0,top,D28,,LED_D5.0mm,RED,tht,True
412.75,-153.67,0.0,top,D29,,LED_D5.0mm,RED,tht,True
165.1,-76.2,0.0,top,D3,,LED_D5.0mm,RED,tht,True
425.45,-153.67,0.0,top,D30,,LED_D5.0mm,RED,tht,True
335.28,-209.55,0.0,top,D31,,LED_D5.0mm,RED,tht,True
347.98,-209.55,0.0,top,D32,,LED_D5.0mm,RED,tht,True
360.68,-209.55,0.0,top,D33,,LED_D5.0mm,RED,tht,True
373.38,-209.55,0.0,top,D34,,LED_D5.0mm,RED,tht,True
386.08,-209.55,0.0,top,D35,,LED_D5.0mm,RED,tht,True
398.78,-209.55,0.0,top,D36,,LED_D5.0mm,RED,tht,True
411.48,-209.55,0.0,top,D37,,LED_D5.0mm,RED,tht,True
424.815,-209.55,0.0,top,D38,,LED_D5.0mm,RED,tht,True
238.125,-106.045,0.0,top,D39,,LED_D5.0mm,BLUE,tht,True
177.8,-76.2,0.0,top,D4,,LED_D5.0mm,RED,tht,True
196.85,-153.67,0.0,top,D40,,LED_D5.0mm,YELLOW,tht,True
209.55,-153.67,0.0,top,D41,,LED_D5.0mm,YELLOW,tht,True
222.25,-153.67,0.0,top,D42,,LED_D5.0mm,YELLOW,tht,True
234.95,-153.67,0.0,top,D43,,LED_D5.0mm,YELLOW,tht,True
167.005,-154.94,0.0,top,D44,,LED_D5.0mm,RED,tht,True
154.305,-154.94,0.0,top,D45,,LED_D5.0mm,GREEN,tht,True
165.735,-252.095,0.0,top,D46,,LED_D5.0mm,BLUE,tht,True
178.435,-252.095,0.0,top,D47,,LED_D5.0mm,BLUE,tht,True
191.135,-252.095,0.0,top,D48,,LED_D5.0mm,BLUE,tht,True
203.835,-252.095,0.0,top,D49,,LED_D5.0mm,BLUE,tht,True
190.5,-76.2,0.0,top,D5,,LED_D5.0mm,RED,tht,True
216.535,-252.095,0.0,top,D50,,LED_D5.0mm,YELLOW,tht,True
229.235,-252.095,0.0,top,D51,,LED_D5.0mm,YELLOW,tht,True
241.935,-252.095,0.0,top,D52,,LED_D5.0mm,YELLOW,tht,True
254.635,-252.095,0.0,top,D53,,LED_D5.0mm,YELLOW,tht,True
160.02,-191.77,0.0,top,D54,,LED_D5.0mm,RED,tht,True
172.72,-191.77,0.0,top,D55,,LED_D5.0mm,RED,tht,True
185.42,-191.77,0.0,top,D56,,LED_D5.0mm,RED,tht,True
198.12,-191.77,0.0,top,D57,,LED_D5.0mm,RED,tht,True
210.82,-191.77,0.0,top,D58,,LED_D5.0mm,RED,tht,True
223.52,-191.77,0.0,top,D59,,LED_D5.0mm,RED,tht,True
203.2,-76.2,0.0,top,D6,,LED_D5.0mm,RED,tht,True
236.22,-191.77,0.0,top,D60,,LED_D5.0mm,RED,tht,True
128.778,-308.224,-90.0,top,D600,,LED_D5.0mm,BLUE,tht,True
248.92,-191.77,0.0,top,D61,,LED_D5.0mm,RED,tht,True
267.6149,-294.992,0.0,top,D62,,LED_D5.0mm,GREEN,tht,True
254.9149,-294.992,0.0,top,D63,,LED_D5.0mm,GREEN,tht,True
242.2149,-294.992,0.0,top,D64,,LED_D5.0mm,GREEN,tht,True
229.5149,-294.992,0.0,top,D65,,LED_D5.0mm,GREEN,tht,True
216.8149,-294.992,0.0,top,D66,,LED_D5.0mm,GREEN,tht,True
192.6849,-294.992,0.0,top,D67,,LED_D5.0mm,RED,tht,True
179.9849,-294.8,0.0,top,D68,,LED_D5.0mm,RED,tht,True
167.2849,-294.8,0.0,top,D69,,LED_D5.0mm,RED,tht,True
215.9,-76.2,0.0,top,D7,,LED_D5.0mm,RED,tht,True
294.64,-322.58,0.0,top,D70,,LED_D5.0mm,BLUE,tht,True
304.8,-322.58,0.0,top,D71,,LED_D5.0mm,BLUE,tht,True
314.96,-322.58,0.0,top,D72,,LED_D5.0mm,BLUE,tht,True
325.12,-322.58,0.0,top,D73,,LED_D5.0mm,BLUE,tht,True
335.28,-322.58,0.0,top,D74,,LED_D5.0mm,BLUE,tht,True
345.44,-322.58,0.0,top,D75,,LED_D5.0mm,BLUE,tht,True
355.6,-322.58,0.0,top,D76,,LED_D5.0mm,BLUE,tht,True
365.76,-322.58,0.0,top,D77,,LED_D5.0mm,BLUE,tht,True
375.92,-322.58,0.0,top,D78,,LED_D5.0mm,BLUE,tht,True
386.08,-322.58,0.0,top,D79,,LED_D5.0mm,BLUE,tht,True
228.6,-76.2,0.0,top,D8,,LED_D5.0mm,RED,tht,True
396.24,-322.58,0.0,top,D80,,LED_D5.0mm,BLUE,tht,True
406.4,-322.58,0.0,top,D81,,LED_D5.0mm,BLUE,tht,True
416.56,-322.58,0.0,top,D82,,LED_D5.0mm,BLUE,tht,True
426.72,-322.58,0.0,top,D83,,LED_D5.0mm,BLUE,tht,True
436.88,-322.58,0.0,top,D84,,LED_D5.0mm,BLUE,tht,True
447.04,-322.58,0.0,top,D85,,LED_D5.0mm,BLUE,tht,True
365.125,-64.135,0.0,top,D9,,LED_D5.0mm,GREEN,tht,True
289.814,-80.518,0.0,top,G99,,LOGO,LOGO,tht,False
120.015,-55.245,0.0,top,H1,,MountingHole_2.5mm,MountingHole_2.5mm,tht,False
471.17,-55.88,0.0,top,H2,,MountingHole_2.5mm,MountingHole_2.5mm,tht,False
471.043,-341.63,0.0,top,H3,,MountingHole_2.5mm,MountingHole_2.5mm,tht,False
304.72,-195.56,0.0,top,H3,,MountingHole_2.5mm,MountingHole_2.5mm,tht,False
119.888,-343.155,0.0,top,H4,,MountingHole_2.5mm,MountingHole_2.5mm,tht,False
465.455,-70.835,0.0,top,J1,,USB_B_OST_USB-B1HSxx_Horizontal,USB_B,tht,True
138.43,-66.04,0.0,top,R1,,R_Axial_DIN0207_L6.3mm_D2.5mm_P7.62mm_Horizontal,10K,tht,True
147.32,-72.39,-90.0,top,R10,,R_Axial_DIN0207_L6.3mm_D2.5mm_P7.62mm_Horizontal,220,tht,True
292.1,-330.2,0.0,top,R100,,R_Axial_DIN0207_L6.3mm_D2.5mm_P7.62mm_Horizontal,220,tht,True
302.26,-330.2,0.0,top,R101,,R_Axial_DIN0207_L6.3mm_D2.5mm_P7.62mm_Horizontal,220,tht,True
312.42,-330.2,0.0,top,R102,,R_Axial_DIN0207_L6.3mm_D2.5mm_P7.62mm_Horizontal,220,tht,True
322.58,-330.2,0.0,top,R103,,R_Axial_DIN0207_L6.3mm_D2.5mm_P7.62mm_Horizontal,220,tht,True
332.74,-330.2,0.0,top,R104,,R_Axial_DIN0207_L6.3mm_D2.5mm_P7.62mm_Horizontal,220,tht,True
342.9,-330.2,0.0,top,R105,,R_Axial_DIN0207_L6.3mm_D2.5mm_P7.62mm_Horizontal,220,tht,True
353.06,-330.2,0.0,top,R106,,R_Axial_DIN0207_L6.3mm_D2.5mm_P7.62mm_Horizontal,220,tht,True
363.22,-330.2,0.0,top,R107,,R_Axial_DIN0207_L6.3mm_D2.5mm_P7.62mm_Horizontal,220,tht,True
373.38,-330.2,0.0,top,R108,,R_Axial_DIN0207_L6.3mm_D2.5mm_P7.62mm_Horizontal,220,tht,True
383.54,-330.2,0.0,top,R109,,R_Axial_DIN0207_L6.3mm_D2.5mm_P7.62mm_Horizontal,220,tht,True
160.02,-72.39,-90.0,top,R11,,R_Axial_DIN0207_L6.3mm_D2.5mm_P7.62mm_Horizontal,220,tht,True
393.7,-330.2,0.0,top,R110,,R_Axial_DIN0207_L6.3mm_D2.5mm_P7.62mm_Horizontal,220,tht,True
403.86,-330.2,0.0,top,R111,,R_Axial_DIN0207_L6.3mm_D2.5mm_P7.62mm_Horizontal,220,tht,True
414.02,-330.2,0.0,top,R112,,R_Axial_DIN0207_L6.3mm_D2.5mm_P7.62mm_Horizontal,220,tht,True
424.18,-330.2,0.0,top,R113,,R_Axial_DIN0207_L6.3mm_D2.5mm_P7.62mm_Horizontal,220,tht,True
434.34,-330.2,0.0,top,R114,,R_Axial_DIN0207_L6.3mm_D2.5mm_P7.62mm_Horizontal,220,tht,True
444.5,-330.2,0.0,top,R115,,R_Axial_DIN0207_L6.3mm_D2.5mm_P7.62mm_Horizontal,220,tht,True
397.51,-85.725,0.0,top,R116,,R_Axial_DIN0207_L6.3mm_D2.5mm_P7.62mm_Horizontal,1K,tht,True
421.64,-132.08,0.0,top,R117,,R_Axial_DIN0207_L6.3mm_D2.5mm_P7.62mm_Horizontal,220,tht,True
172.72,-72.39,-90.0,top,R12,,R_Axial_DIN0207_L6.3mm_D2.5mm_P7.62mm_Horizontal,220,tht,True
185.42,-72.39,-90.0,top,R13,,R_Axial_DIN0207_L6.3mm_D2.5mm_P7.62mm_Horizontal,220,tht,True
198.12,-72.39,-90.0,top,R14,,R_Axial_DIN0207_L6.3mm_D2.5mm_P7.62mm_Horizontal,220,tht,True
210.82,-72.39,-90.0,top,R15,,R_Axial_DIN0207_L6.3mm_D2.5mm_P7.62mm_Horizontal,220,tht,True
223.52,-72.39,-90.0,top,R16,,R_Axial_DIN0207_L6.3mm_D2.5mm_P7.62mm_Horizontal,220,tht,True
360.045,-60.325,-90.0,top,R17,,R_Axial_DIN0207_L6.3mm_D2.5mm_P7.62mm_Horizontal,220,tht,True
372.745,-60.325,-90.0,top,R18,,R_Axial_DIN0207_L6.3mm_D2.5mm_P7.62mm_Horizontal,220,tht,True
385.445,-60.325,-90.0,top,R19,,R_Axial_DIN0207_L6.3mm_D2.5mm_P7.62mm_Horizontal,220,tht,True
151.13,-66.04,0.0,top,R2,,R_Axial_DIN0207_L6.3mm_D2.5mm_P7.62mm_Horizontal,10K,tht,True
398.145,-60.325,-90.0,top,R20,,R_Axial_DIN0207_L6.3mm_D2.5mm_P7.62mm_Horizontal,220,tht,True
332.74,-105.41,-90.0,top,R21,,R_Axial_DIN0207_L6.3mm_D2.5mm_P7.62mm_Horizontal,220,tht,True
345.44,-105.41,-90.0,top,R22,,R_Axial_DIN0207_L6.3mm_D2.5mm_P7.62mm_Horizontal,220,tht,True
358.14,-105.41,-90.0,top,R23,,R_Axial_DIN0207_L6.3mm_D2.5mm_P7.62mm_Horizontal,220,tht,True
370.84,-105.41,-90.0,top,R24,,R_Axial_DIN0207_L6.3mm_D2.5mm_P7.62mm_Horizontal,220,tht,True
383.54,-105.41,-90.0,top,R25,,R_Axial_DIN0207_L6.3mm_D2.5mm_P7.62mm_Horizontal,220,tht,True
396.24,-105.41,-90.0,top,R26,,R_Axial_DIN0207_L6.3mm_D2.5mm_P7.62mm_Horizontal,220,tht,True
408.94,-105.41,-90.0,top,R27,,R_Axial_DIN0207_L6.3mm_D2.5mm_P7.62mm_Horizontal,220,tht,True
421.64,-105.41,-90.0,top,R28,,R_Axial_DIN0207_L6.3mm_D2.5mm_P7.62mm_Horizontal,220,tht,True
330.835,-180.34,-90.0,top,R29,,R_Axial_DIN0207_L6.3mm_D2.5mm_P7.62mm_Horizontal,1K,tht,True
163.83,-66.04,0.0,top,R3,,R_Axial_DIN0207_L6.3mm_D2.5mm_P7.62mm_Horizontal,10K,tht,True
367.665,-292.1,180.0,top,R30,,R_Axial_DIN0207_L6.3mm_D2.5mm_P7.62mm_Horizontal,1K,tht,True
299.72,-334.772,180.0,top,R300,,R_Axial_DIN0207_L6.3mm_D2.5mm_P7.62mm_Horizontal,3.3k,tht,True
309.88,-334.772,180.0,top,R301,,R_Axial_DIN0207_L6.3mm_D2.5mm_P7.62mm_Horizontal,3.3k,tht,True
320.04,-334.772,180.0,top,R302,,R_Axial_DIN0207_L6.3mm_D2.5mm_P7.62mm_Horizontal,3.3k,tht,True
330.2,-334.772,180.0,top,R303,,R_Axial_DIN0207_L6.3mm_D2.5mm_P7.62mm_Horizontal,3.3k,tht,True
340.36,-334.772,180.0,top,R304,,R_Axial_DIN0207_L6.3mm_D2.5mm_P7.62mm_Horizontal,3.3k,tht,True
350.52,-334.772,180.0,top,R305,,R_Axial_DIN0207_L6.3mm_D2.5mm_P7.62mm_Horizontal,3.3k,tht,True
360.68,-334.772,180.0,top,R306,,R_Axial_DIN0207_L6.3mm_D2.5mm_P7.62mm_Horizontal,3.3k,tht,True
370.84,-334.772,180.0,top,R307,,R_Axial_DIN0207_L6.3mm_D2.5mm_P7.62mm_Horizontal,3.3k,tht,True
381.0,-334.772,180.0,top,R308,,R_Axial_DIN0207_L6.3mm_D2.5mm_P7.62mm_Horizontal,3.3k,tht,True
391.16,-334.772,180.0,top,R309,,R_Axial_DIN0207_L6.3mm_D2.5mm_P7.62mm_Horizontal,1k,tht,True
360.045,-274.32,0.0,top,R31,,R_Axial_DIN0207_L6.3mm_D2.5mm_P7.62mm_Horizontal,1K,tht,True
411.48,-334.772,180.0,top,R310,,R_Axial_DIN0207_L6.3mm_D2.5mm_P7.62mm_Horizontal,3.3k,tht,True
421.64,-334.772,180.0,top,R311,,R_Axial_DIN0207_L6.3mm_D2.5mm_P7.62mm_Horizontal,1k,tht,True
431.8,-334.772,180.0,top,R312,,R_Axial_DIN0207_L6.3mm_D2.5mm_P7.62mm_Horizontal,3.3k,tht,True
441.96,-334.772,180.0,top,R313,,R_Axial_DIN0207_L6.3mm_D2.5mm_P7.62mm_Horizontal,3.3k,tht,True
452.12,-334.772,180.0,top,R314,,R_Axial_DIN0207_L6.3mm_D2.5mm_P7.62mm_Horizontal,3.3k,tht,True
401.32,-334.772,180.0,top,R315,,R_Axial_DIN0207_L6.3mm_D2.5mm_P7.62mm_Horizontal,3.3k,tht,True
357.505,-292.1,180.0,top,R32,,R_Axial_DIN0207_L6.3mm_D2.5mm_P7.62mm_Horizontal,1K,tht,True
421.64,-180.34,-90.0,top,R33,,R_Axial_DIN0207_L6.3mm_D2.5mm_P7.62mm_Horizontal,220,tht,True
434.34,-180.34,-90.0,top,R34,,R_Axial_DIN0207_L6.3mm_D2.5mm_P7.62mm_Horizontal,220,tht,True
331.47,-149.86,-90.0,top,R35,,R_Axial_DIN0207_L6.3mm_D2.5mm_P7.62mm_Horizontal,220,tht,True
344.17,-149.86,-90.0,top,R36,,R_Axial_DIN0207_L6.3mm_D2.5mm_P7.62mm_Horizontal,220,tht,True
356.87,-149.86,-90.0,top,R37,,R_Axial_DIN0207_L6.3mm_D2.5mm_P7.62mm_Horizontal,220,tht,True
369.57,-149.86,-90.0,top,R38,,R_Axial_DIN0207_L6.3mm_D2.5mm_P7.62mm_Horizontal,220,tht,True
382.27,-149.86,-90.0,top,R39,,R_Axial_DIN0207_L6.3mm_D2.5mm_P7.62mm_Horizontal,220,tht,True
176.53,-66.04,0.0,top,R4,,R_Axial_DIN0207_L6.3mm_D2.5mm_P7.62mm_Horizontal,10K,tht,True
394.97,-149.86,-90.0,top,R40,,R_Axial_DIN0207_L6.3mm_D2.5mm_P7.62mm_Horizontal,220,tht,True
407.67,-149.86,-90.0,top,R41,,R_Axial_DIN0207_L6.3mm_D2.5mm_P7.62mm_Horizontal,220,tht,True
420.37,-149.86,-90.0,top,R42,,R_Axial_DIN0207_L6.3mm_D2.5mm_P7.62mm_Horizontal,220,tht,True
330.2,-205.74,-90.0,top,R43,,R_Axial_DIN0207_L6.3mm_D2.5mm_P7.62mm_Horizontal,220,tht,True
342.9,-205.74,-90.0,top,R44,,R_Axial_DIN0207_L6.3mm_D2.5mm_P7.62mm_Horizontal,220,tht,True
355.6,-205.74,-90.0,top,R45,,R_Axial_DIN0207_L6.3mm_D2.5mm_P7.62mm_Horizontal,220,tht,True
368.3,-205.74,-90.0,top,R46,,R_Axial_DIN0207_L6.3mm_D2.5mm_P7.62mm_Horizontal,220,tht,True
381.0,-205.74,-90.0,top,R47,,R_Axial_DIN0207_L6.3mm_D2.5mm_P7.62mm_Horizontal,220,tht,True
393.7,-205.74,-90.0,top,R48,,R_Axial_DIN0207_L6.3mm_D2.5mm_P7.62mm_Horizontal,220,tht,True
406.4,-205.74,-90.0,top,R49,,R_Axial_DIN0207_L6.3mm_D2.5mm_P7.62mm_Horizontal,220,tht,True
189.23,-66.04,0.0,top,R5,,R_Axial_DIN0207_L6.3mm_D2.5mm_P7.62mm_Horizontal,10K,tht,True
419.735,-205.74,-90.0,top,R50,,R_Axial_DIN0207_L6.3mm_D2.5mm_P7.62mm_Horizontal,220,tht,True
328.93,-247.65,0.0,top,R51,,R_Axial_DIN0207_L6.3mm_D2.5mm_P7.62mm_Horizontal,100K,tht,True
328.93,-267.97,0.0,top,R52,,R_Axial_DIN0207_L6.3mm_D2.5mm_P7.62mm_Horizontal,1K,tht,True
382.905,-287.02,90.0,top,R53,,R_Axial_DIN0207_L6.3mm_D2.5mm_P7.62mm_Horizontal,10K,tht,True
195.58,-104.14,180.0,top,R54,,R_Axial_DIN0207_L6.3mm_D2.5mm_P7.62mm_Horizontal,1K,tht,True
168.91,-109.22,180.0,top,R55,,R_Axial_DIN0207_L6.3mm_D2.5mm_P7.62mm_Horizontal,1K,tht,True
162.56,-127.0,0.0,top,R56,,R_Axial_DIN0207_L6.3mm_D2.5mm_P7.62mm_Horizontal,1K,tht,True
144.78,-134.62,90.0,top,R57,,R_Axial_DIN0207_L6.3mm_D2.5mm_P7.62mm_Horizontal,1K,tht,True
179.07,-133.35,90.0,top,R58,,R_Axial_DIN0207_L6.3mm_D2.5mm_P7.62mm_Horizontal,1K,tht,True
179.07,-107.95,90.0,top,R59,,R_Axial_DIN0207_L6.3mm_D2.5mm_P7.62mm_Horizontal,1M,tht,True
201.93,-66.04,0.0,top,R6,,R_Axial_DIN0207_L6.3mm_D2.5mm_P7.62mm_Horizontal,10K,tht,True
262.89,-109.855,90.0,top,R60,,R_Axial_DIN0207_L6.3mm_D2.5mm_P7.62mm_Horizontal,1K,tht,True
118.237,-305.689,-90.0,top,R600,,R_Axial_DIN0207_L6.3mm_D2.5mm_P7.62mm_Horizontal,220,tht,True
146.064,-290.576,-90.0,top,R601,,R_Axial_DIN0207_L6.3mm_D2.5mm_P7.62mm_Horizontal,10k,tht,True
142.014,-290.576,-90.0,top,R602,,R_Axial_DIN0207_L6.3mm_D2.5mm_P7.62mm_Horizontal,10k,tht,True
137.964,-290.576,-90.0,top,R603,,R_Axial_DIN0207_L6.3mm_D2.5mm_P7.62mm_Horizontal,10k,tht,True
133.914,-290.576,-90.0,top,R604,,R_Axial_DIN0207_L6.3mm_D2.5mm_P7.62mm_Horizontal,5.1k,tht,True
129.864,-290.576,-90.0,top,R605,,R_Axial_DIN0207_L6.3mm_D2.5mm_P7.62mm_Horizontal,10k,tht,True
125.814,-290.576,-90.0,top,R606,,R_Axial_DIN0207_L6.3mm_D2.5mm_P7.62mm_Horizontal,22k,tht,True
121.764,-290.576,-90.0,top,R607,,R_Axial_DIN0207_L6.3mm_D2.5mm_P7.62mm_Horizontal,47k,tht,True
117.714,-290.576,-90.0,top,R608,,R_Axial_DIN0207_L6.3mm_D2.5mm_P7.62mm_Horizontal,100k,tht,True
114.3,-313.309,90.0,top,R609,,R_Axial_DIN0207_L6.3mm_D2.5mm_P7.62mm_Horizontal,10k,tht,True
250.19,-109.855,90.0,top,R61,,R_Axial_DIN0207_L6.3mm_D2.5mm_P7.62mm_Horizontal,1K,tht,True
256.54,-109.855,90.0,top,R62,,R_Axial_DIN0207_L6.3mm_D2.5mm_P7.62mm_Horizontal,1K,tht,True
226.695,-109.855,90.0,top,R63,,R_Axial_DIN0207_L6.3mm_D2.5mm_P7.62mm_Horizontal,1K,tht,True
210.82,-109.855,90.0,top,R64,,R_Axial_DIN0207_L6.3mm_D2.5mm_P7.62mm_Horizontal,1K,tht,True
204.47,-109.855,90.0,top,R65,,R_Axial_DIN0207_L6.3mm_D2.5mm_P7.62mm_Horizontal,1K,tht,True
217.17,-109.855,90.0,top,R66,,R_Axial_DIN0207_L6.3mm_D2.5mm_P7.62mm_Horizontal,1K,tht,True
233.045,-109.855,90.0,top,R67,,R_Axial_DIN0207_L6.3mm_D2.5mm_P7.62mm_Horizontal,220,tht,True
191.77,-149.86,-90.0,top,R68,,R_Axial_DIN0207_L6.3mm_D2.5mm_P7.62mm_Horizontal,220,tht,True
204.47,-149.86,-90.0,top,R69,,R_Axial_DIN0207_L6.3mm_D2.5mm_P7.62mm_Horizontal,220,tht,True
214.63,-66.04,0.0,top,R7,,R_Axial_DIN0207_L6.3mm_D2.5mm_P7.62mm_Horizontal,10K,tht,True
217.17,-149.86,-90.0,top,R70,,R_Axial_DIN0207_L6.3mm_D2.5mm_P7.62mm_Horizontal,220,tht,True
229.87,-149.86,-90.0,top,R71,,R_Axial_DIN0207_L6.3mm_D2.5mm_P7.62mm_Horizontal,220,tht,True
161.925,-151.13,-90.0,top,R72,,R_Axial_DIN0207_L6.3mm_D2.5mm_P7.62mm_Horizontal,1K,tht,True
149.225,-158.75,90.0,top,R73,,R_Axial_DIN0207_L6.3mm_D2.5mm_P7.62mm_Horizontal,1K,tht,True
160.655,-248.285,-90.0,top,R74,,R_Axial_DIN0207_L6.3mm_D2.5mm_P7.62mm_Horizontal,220,tht,True
173.355,-248.285,-90.0,top,R75,,R_Axial_DIN0207_L6.3mm_D2.5mm_P7.62mm_Horizontal,220,tht,True
186.055,-248.285,-90.0,top,R76,,R_Axial_DIN0207_L6.3mm_D2.5mm_P7.62mm_Horizontal,220,tht,True
198.755,-248.285,-90.0,top,R77,,R_Axial_DIN0207_L6.3mm_D2.5mm_P7.62mm_Horizontal,220,tht,True
211.455,-248.285,-90.0,top,R78,,R_Axial_DIN0207_L6.3mm_D2.5mm_P7.62mm_Horizontal,220,tht,True
224.155,-248.285,-90.0,top,R79,,R_Axial_DIN0207_L6.3mm_D2.5mm_P7.62mm_Horizontal,220,tht,True
227.33,-66.04,0.0,top,R8,,R_Axial_DIN0207_L6.3mm_D2.5mm_P7.62mm_Horizontal,10K,tht,True
236.855,-248.285,-90.0,top,R80,,R_Axial_DIN0207_L6.3mm_D2.5mm_P7.62mm_Horizontal,220,tht,True
249.555,-248.285,-90.0,top,R81,,R_Axial_DIN0207_L6.3mm_D2.5mm_P7.62mm_Horizontal,220,tht,True
154.94,-187.96,-90.0,top,R82,,R_Axial_DIN0207_L6.3mm_D2.5mm_P7.62mm_Horizontal,220,tht,True
167.64,-187.96,-90.0,top,R83,,R_Axial_DIN0207_L6.3mm_D2.5mm_P7.62mm_Horizontal,220,tht,True
180.34,-187.96,-90.0,top,R84,,R_Axial_DIN0207_L6.3mm_D2.5mm_P7.62mm_Horizontal,220,tht,True
193.04,-187.96,-90.0,top,R85,,R_Axial_DIN0207_L6.3mm_D2.5mm_P7.62mm_Horizontal,220,tht,True
205.74,-187.96,-90.0,top,R86,,R_Axial_DIN0207_L6.3mm_D2.5mm_P7.62mm_Horizontal,220,tht,True
218.44,-187.96,-90.0,top,R87,,R_Axial_DIN0207_L6.3mm_D2.5mm_P7.62mm_Horizontal,220,tht,True
231.14,-187.96,-90.0,top,R88,,R_Axial_DIN0207_L6.3mm_D2.5mm_P7.62mm_Horizontal,220,tht,True
243.84,-187.96,-90.0,top,R89,,R_Axial_DIN0207_L6.3mm_D2.5mm_P7.62mm_Horizontal,220,tht,True
134.62,-72.39,-90.0,top,R9,,R_Axial_DIN0207_L6.3mm_D2.5mm_P7.62mm_Horizontal,220,tht,True
276.86,-226.06,90.0,top,R90,,R_Axial_DIN0207_L6.3mm_D2.5mm_P7.62mm_Horizontal,1K,tht,True
129.54,-264.16,-90.0,top,R91,,R_Axial_DIN0207_L6.3mm_D2.5mm_P7.62mm_Horizontal,1K,tht,True
211.7349,-291.182,-90.0,top,R92,,R_Axial_DIN0207_L6.3mm_D2.5mm_P7.62mm_Horizontal,220,tht,True
224.4349,-291.182,-90.0,top,R93,,R_Axial_DIN0207_L6.3mm_D2.5mm_P7.62mm_Horizontal,220,tht,True
237.1349,-291.182,-90.0,top,R94,,R_Axial_DIN0207_L6.3mm_D2.5mm_P7.62mm_Horizontal,220,tht,True
249.8349,-291.182,-90.0,top,R95,,R_Axial_DIN0207_L6.3mm_D2.5mm_P7.62mm_Horizontal,220,tht,True
262.5349,-291.182,-90.0,top,R96,,R_Axial_DIN0207_L6.3mm_D2.5mm_P7.62mm_Horizontal,220,tht,True
187.6049,-291.182,-90.0,top,R97,,R_Axial_DIN0207_L6.3mm_D2.5mm_P7.62mm_Horizontal,220,tht,True
174.9049,-291.182,-90.0,top,R98,,R_Axial_DIN0207_L6.3mm_D2.5mm_P7.62mm_Horizontal,220,tht,True
162.2049,-290.547,-90.0,top,R99,,R_Axial_DIN0207_L6.3mm_D2.5mm_P7.62mm_Horizontal,220,tht,True
125.73,-121.285,90.0,top,RV1,,Potentiometer-5.5mm,1M,tht,True
375.729,-284.92,90.0,top,SW1,,SW_Slide_1P2T_CK_OS102011MS2Q,SW_SPDT,tht,True
149.86,-306.324,-90.0,top,SW10,,SW_DIP_SPSTx04_Slide_9.78x12.34mm_W7.62mm_P2.54mm,SW_DIP_x04,tht,True
159.564,-321.092,0.0,top,SW11,,SW_PUSH_6mm_H5mm,SW_Push,tht,True
159.564,-332.522,0.0,top,SW12,,SW_PUSH_6mm_H5mm,SW_Push,tht,True
179.07,-119.82,90.0,top,SW2,,SW_Slide_1P2T_CK_OS102011MS2Q,SW_SPDT,tht,True
151.29,-121.313,90.0,top,SW3,,SW_PUSH_6mm_H5mm,SW_Push,tht,True
161.925,-167.64,180.0,top,SW4,,SW_Slide_1P2T_CK_OS102011MS2Q,SW_SPDT,tht,True
187.325,-163.83,-90.0,top,SW5,,SW_DIP_SPSTx04_Slide_9.78x12.34mm_W7.62mm_P2.54mm,SW_DIP_x04,tht,True
117.42,-225.425,90.0,top,SW6,,SW_PUSH_6mm_H5mm,SW_Push,tht,True
179.07,-218.44,-90.0,top,SW7,,SW_DIP_SPSTx08_Slide_9.78x22.5mm_W7.62mm_P2.54mm,SW_DIP_x08,tht,True
140.335,-264.499,-90.0,top,SW8,,SW_PUSH_6mm_H5mm,RESET,tht,True
360.045,-80.645,90.0,top,U1,,DIP-20_W7.62mm_Socket_LongPads,74LS245,tht,True
312.42,-171.45,90.0,top,U10,,DIP-20_W7.62mm_Socket_LongPads,74LS245,tht,True
124.836,-250.6906,90.0,top,U100,,DIP-14_W7.62mm_Socket_LongPads,74LS00,tht,True
443.23,-171.45,90.0,top,U11,,DIP-14_W7.62mm_Socket_LongPads,74LS86,tht,True
382.27,-171.45,90.0,top,U12,,DIP-16_W7.62mm_Socket_LongPads,74LS283,tht,True
349.25,-171.45,90.0,top,U13,,DIP-16_W7.62mm_Socket_LongPads,74LS283,tht,True
414.655,-171.45,90.0,top,U14,,DIP-14_W7.62mm_Socket_LongPads,74LS86,tht,True
337.185,-226.06,90.0,top,U15,,DIP-20_W7.62mm_Socket_LongPads,74LS245,tht,True
375.92,-226.06,90.0,top,U16,,DIP-16_W7.62mm_Socket_LongPads,74LS173,tht,True
408.94,-226.06,90.0,top,U17,,DIP-16_W7.62mm_Socket_LongPads,74LS173,tht,True
328.93,-261.62,90.0,top,U18,,DIP-8_W7.62mm_Socket_LongPads,NE555P,tht,True
351.155,-261.62,90.0,top,U19,,DIP-14_W7.62mm_Socket_LongPads,74LS107,tht,True
398.145,-80.645,90.0,top,U2,,DIP-16_W7.62mm_Socket_LongPads,74LS161,tht,True
313.69,-287.02,90.0,top,U20,,DIP-20_W7.62mm_Socket_LongPads,74LS273,tht,True
414.02,-265.43,90.0,top,U21,,DIP-24_W15.24mm_Socket_LongPads,28C16,tht,True
381.0,-261.62,90.0,top,U22,,DIP-16_W7.62mm_Socket_LongPads,74LS139,tht,True
390.525,-290.83,90.0,top,U23,,7SegmentLED_LTS6760_LTS6780,SM420561N,tht,True
404.495,-290.83,90.0,top,U24,,7SegmentLED_LTS6760_LTS6780,SM420561N,tht,True
418.465,-290.83,90.0,top,U25,,7SegmentLED_LTS6760_LTS6780,SM420561N,tht,True
432.435,-290.83,90.0,top,U26,,7SegmentLED_LTS6760_LTS6780,SM420561N,tht,True
137.16,-121.92,90.0,top,U27,,DIP-8_W7.62mm,NE555P,tht,True
162.56,-121.92,90.0,top,U28,,DIP-8_W7.62mm,NE555P,tht,True
187.96,-123.825,90.0,top,U29,,DIP-8_W7.62mm,NE555P,tht,True
342.9,-127.0,90.0,top,U3,,DIP-20_W7.62mm_Socket_LongPads,74LS245,tht,True
248.92,-123.825,90.0,top,U30,,DIP-14_W7.62mm_Socket_LongPads,74LS32,tht,True
226.06,-123.825,90.0,top,U31,,DIP-14_W7.62mm_Socket_LongPads,74LS08,tht,True
203.2,-123.825,90.0,top,U32,,DIP-14_W7.62mm_Socket_LongPads,74LS04,tht,True
202.565,-171.45,90.0,top,U33,,DIP-16_W7.62mm_Socket_LongPads,74LS157,tht,True
234.95,-171.45,90.0,top,U34,,DIP-16_W7.62mm_Socket_LongPads,74LS173,tht,True
183.515,-271.145,90.0,top,U35,,DIP-20_W7.62mm_Socket_LongPads,74LS245,tht,True
220.345,-271.145,90.0,top,U36,,DIP-16_W7.62mm_Socket_LongPads,74LS173,tht,True
252.73,-271.145,90.0,top,U37,,DIP-16_W7.62mm_Socket_LongPads,74LS173,tht,True
194.31,-209.55,90.0,top,U38,,DIP-14_W7.62mm_Socket_LongPads,74LS04,tht,True
223.52,-209.55,90.0,top,U39,,DIP-14_W7.62mm_Socket_LongPads,74LS04,tht,True
379.73,-127.0,90.0,top,U4,,DIP-16_W7.62mm_Socket_LongPads,74LS173,tht,True
134.62,-226.06,90.0,top,U40,,DIP-16_W7.62mm_Socket_LongPads,74LS157,tht,True
130.81,-209.55,90.0,top,U41,,DIP-16_W7.62mm_Socket_LongPads,74189,tht,True
255.27,-226.06,90.0,top,U42,,DIP-14_W7.62mm_Socket_LongPads,74LS00,tht,True
252.73,-209.55,90.0,top,U43,,DIP-20_W7.62mm_Socket_LongPads,74LS245,tht,True
162.56,-209.55,90.0,top,U44,,DIP-16_W7.62mm_Socket_LongPads,74189,tht,True
193.04,-226.06,90.0,top,U45,,DIP-16_W7.62mm_Socket_LongPads,74LS157,tht,True
223.52,-226.06,90.0,top,U46,,DIP-16_W7.62mm_Socket_LongPads,74LS157,tht,True
154.94,-271.145,90.0,top,U47,,DIP-14_W7.62mm_Socket_LongPads,74LS00,tht,True
178.0799,-312.772,90.0,top,U48,,DIP-16_W7.62mm_Socket_LongPads,74LS161,tht,True
210.4649,-312.772,90.0,top,U49,,DIP-16_W7.62mm_Socket_LongPads,74LS138,tht,True
411.48,-127.0,90.0,top,U5,,DIP-16_W7.62mm_Socket_LongPads,74LS173,tht,True
181.8899,-336.902,90.0,top,U50,,DIP-24_W15.24mm_Socket_LongPads,28C16,tht,True
224.4349,-336.902,90.0,top,U51,,DIP-24_W15.24mm_Socket_LongPads,28C16,tht,True
243.4849,-312.772,90.0,top,U52,,DIP-14_W7.62mm_Socket_LongPads,74LS04,tht,True
461.645,-326.39,90.0,top,U53,,DIP-14_W7.62mm_Socket_LongPads,74LS04,tht,True
351.155,-287.02,90.0,top,U6,,DIP-14_W7.62mm_Socket_LongPads,74LS08,tht,True
396.24,-187.96,90.0,top,U7,,DIP-16_W7.62mm_Socket_LongPads,74LS173,tht,True
336.55,-187.96,90.0,top,U8,,DIP-14_W7.62mm_Socket_LongPads,74LS08,tht,True
366.395,-187.96,90.0,top,U9,,DIP-14_W7.62mm_Socket_LongPads,74LS02,tht,True
